,ds,yhat,yhat_lower,yhat_upper
0,2008-01-01,46379271.13829155,37469622.82812004,55358394.587102994
