,ds,yhat,yhat_lower,yhat_upper
0,2008-01-01,36718543.234476276,31427084.450901613,42164780.195358634
