,ds,yhat,yhat_lower,yhat_upper
0,2008-01-01,29900379.884466052,25418036.82996875,34738307.989952505
