,ds,yhat,yhat_lower,yhat_upper
0,2008-01-01,33309234.673568226,27931359.11651365,38748909.59147563
