,ds,yhat,yhat_lower,yhat_upper
0,2008-01-01,79621074.58027436,67177906.70813228,91600478.65301418
