,ds,yhat,yhat_lower,yhat_upper
0,2008-01-01,73922175.95783731,61902399.50839327,87288485.7365507
