,ds,yhat,yhat_lower,yhat_upper
0,2008-01-01,11939642.49487101,8928246.77813922,14961562.282377845
