,ds,yhat,yhat_lower,yhat_upper
0,2008-01-01,47290788.6452617,40521210.7327758,54165778.21551351
