,ds,yhat,yhat_lower,yhat_upper
0,2008-01-01,63920820.900710195,56403140.25123445,71509965.31026211
