,ds,yhat,yhat_lower,yhat_upper
0,2008-01-01,58585917.315474436,49685238.20826653,67171857.94229972
