,ds,yhat,yhat_lower,yhat_upper
0,2008-01-01,51691778.71909624,43652855.50004081,60043401.06082693
