,ds,yhat,yhat_lower,yhat_upper
0,2008-01-01,90754161.3789686,76761290.71248733,105921108.16447765
