,ds,yhat,yhat_lower,yhat_upper
0,2008-01-01,48585516.735729806,42637581.94088917,54817242.03617575
