,ds,yhat,yhat_lower,yhat_upper
0,2008-01-01,42262765.0082474,32960565.76964937,51982162.76514107
