,ds,yhat,yhat_lower,yhat_upper
0,2008-01-01,50859463.033991985,43879895.247532375,57484865.65655859
