,ds,yhat,yhat_lower,yhat_upper
0,2008-01-01,50585559.97051451,43961879.28596417,57457153.261583775
