,ds,yhat,yhat_lower,yhat_upper
0,2008-01-01,47742171.566739954,39786968.29498493,55586271.58444463
