,ds,yhat,yhat_lower,yhat_upper
0,2008-01-01,28977737.520211846,26430657.79741843,31588304.947051268
