,ds,yhat,yhat_lower,yhat_upper
0,2008-01-01,40120757.526215546,34027680.07013618,46196349.02208519
