,ds,yhat,yhat_lower,yhat_upper
0,2008-01-01,205156306.53135332,172453378.7919312,235310474.67451182
