,ds,yhat,yhat_lower,yhat_upper
0,2008-01-01,67961964.26665735,58575718.334129535,77103458.27964145
